name,fpr,miou,p95_latency_ms,vram_mb,ram_mb
M1_yolo26n_1024_tiled,60,40,63.7577835,98.21679688,1436.929688
M2_yolo26n_640_tiled,55,45,38.81797855,61.92382813,1441.316406
M3_yolo26m_640_tiled,50,50,37.20792236,170.0629883,1469.648438
M4_yolo26m_640_untiled,55,45,13.01341395,203.7441406,1490.453125
M5_yolo26m_640_untiled,55,45,11.13165735,246.9516602,1490.417969
M6_yolo26n_640_untiled,50,50,11.31055609,190.5200195,1490.574219
